dataset_id,observation_id,site_id,utm10,source_fid,raster_filename,environmental_variable,environmental_mean,environmental_mean_unit,environmental_sample_variance,environmental_variance_unit,delta,delta_unit,response_name,response_value,response_unit,retained_value_count
macarthur_1961,A,A,NA,NA,NA,foliage height,0.88890442393953284,ft,0.10449014757864099,ft^2,0.11754936162377437,ft,natural-log Shannon bird diversity,0.63900000000000001,dimensionless,10000
macarthur_1961,B,B,NA,NA,NA,foliage height,3.1641254167906574,ft,14.823689967151125,ft^2,4.6849249048372599,ft,natural-log Shannon bird diversity,1.266,dimensionless,10000
macarthur_1961,C,C,NA,NA,NA,foliage height,8.5514622044487769,ft,73.28892209594018,ft^2,8.570338071284775,ft,natural-log Shannon bird diversity,2.2650000000000001,dimensionless,10000
macarthur_1961,D,D,NA,NA,NA,foliage height,1.7988912432289681,ft,1.339784637885747,ft^2,0.74478356761627484,ft,natural-log Shannon bird diversity,1.9059999999999999,dimensionless,10000
macarthur_1961,E,E,NA,NA,NA,foliage height,43.58712315517468,ft,110.30196327745016,ft^2,2.5306089343121756,ft,natural-log Shannon bird diversity,1.712,dimensionless,10000
macarthur_1961,F,F,NA,NA,NA,foliage height,26.490870373558717,ft,318.63430130083685,ft^2,12.02807974247893,ft,natural-log Shannon bird diversity,2.403,dimensionless,10000
macarthur_1961,G,G,NA,NA,NA,foliage height,33.234966282687843,ft,273.65831172136296,ft^2,8.2340481225013935,ft,natural-log Shannon bird diversity,1.7210000000000001,dimensionless,10000
macarthur_1961,H,H,NA,NA,NA,foliage height,15.697658530387576,ft,241.2380028441371,ft^2,15.367769809564136,ft,natural-log Shannon bird diversity,2.7389999999999999,dimensionless,10000
macarthur_1961,I,I,NA,NA,NA,foliage height,10.492407958378097,ft,61.310760830673786,ft^2,5.8433451190503582,ft,natural-log Shannon bird diversity,1.3320000000000001,dimensionless,10000
macarthur_1961,J,J,NA,NA,NA,foliage height,41.624784961239726,ft,394.37389799305146,ft^2,9.4744969459970925,ft,natural-log Shannon bird diversity,2.2850000000000001,dimensionless,10000
macarthur_1961,K,K,NA,NA,NA,foliage height,30.893536170132023,ft,879.69964262031203,ft^2,28.475200694921053,ft,natural-log Shannon bird diversity,2.2770000000000001,dimensionless,10000
macarthur_1961,L,L,NA,NA,NA,foliage height,40.087262393784336,ft,846.36328310682359,ft^2,21.113022755029913,ft,natural-log Shannon bird diversity,2.1269999999999998,dimensionless,10000
macarthur_1961,M,M,NA,NA,NA,foliage height,25.355118801652978,ft,581.35392514377827,ft^2,22.928463861343772,ft,natural-log Shannon bird diversity,2.5670000000000002,dimensionless,10000
allouche_2012,CH13,NA,CH13,5.tif,5.tif,elevation,1467.5103557814493,m,177877.52228934484,m^2,121.21040344865236,m,breeding-bird species richness,88,count,15740
allouche_2012,CH23,NA,CH23,6.tif,6.tif,elevation,1939.1128960569299,m,108755.03957777604,m^2,56.084944718238383,m,breeding-bird species richness,80,count,15749
allouche_2012,CH33,NA,CH33,7.tif,7.tif,elevation,2152.7518407960215,m,61391.166023379184,m^2,28.517530381336762,m,breeding-bird species richness,61,count,15075
allouche_2012,CH22,NA,CH22,13.tif,13.tif,elevation,1980.9603839999331,m,163622.02512017993,m^2,82.597323218446277,m,breeding-bird species richness,82,count,15625
allouche_2012,CH32,NA,CH32,14.tif,14.tif,elevation,2133.4006984127059,m,67058.289300419798,m^2,31.432580551001294,m,breeding-bird species richness,77,count,15750
allouche_2012,CH42,NA,CH42,15.tif,15.tif,elevation,1704.7813119999939,m,155356.68175519051,m^2,91.129977001525845,m,breeding-bird species richness,98,count,15625
allouche_2012,CH52,NA,CH52,16.tif,16.tif,elevation,2013.9564799999691,m,139879.60704085944,m^2,69.455128961307835,m,breeding-bird species richness,81,count,15625
allouche_2012,CH21,NA,CH21,20.tif,20.tif,elevation,2204.9172480000284,m,152760.72235033705,m^2,69.281839256733448,m,breeding-bird species richness,92,count,15625
allouche_2012,CH31,NA,CH31,21.tif,21.tif,elevation,2422.830158730163,m,53116.07712709414,m^2,21.92315335670618,m,breeding-bird species richness,60,count,15750
allouche_2012,CH41,NA,CH41,22.tif,22.tif,elevation,1603.2372480000072,m,153460.3718331847,m^2,95.719065924037224,m,breeding-bird species richness,97,count,15625
allouche_2012,CH51,NA,CH51,23.tif,23.tif,elevation,1486.7968639999988,m,109515.31984423513,m^2,73.658562575657427,m,breeding-bird species richness,84,count,15625
allouche_2012,CH61,NA,CH61,24.tif,24.tif,elevation,1902.9418321588621,m,163052.12743824726,m^2,85.684241463790201,m,breeding-bird species richness,80,count,15610
allouche_2012,CH20,NA,CH20,27.tif,27.tif,elevation,2093.8590719999875,m,134265.78070126369,m^2,64.123599575886118,m,breeding-bird species richness,81,count,15625
allouche_2012,CH30,NA,CH30,28.tif,28.tif,elevation,2119.1946031745706,m,122682.66712434249,m^2,57.891175704469454,m,breeding-bird species richness,76,count,15750
allouche_2012,CH40,NA,CH40,29.tif,29.tif,elevation,1538.2692479999403,m,150440.93806155183,m^2,97.798833498852915,m,breeding-bird species richness,98,count,15625
allouche_2012,CH50,NA,CH50,30.tif,30.tif,elevation,1400.1415039999713,m,107848.83590211521,m^2,77.027097328383618,m,breeding-bird species richness,88,count,15625
allouche_2012,CH60,NA,CH60,31.tif,31.tif,elevation,1957.166527999982,m,81063.141109455595,m^2,41.418622253004493,m,breeding-bird species richness,80,count,15625
allouche_2012,CG29,NA,CG29,41.tif,41.tif,elevation,1369.745650793644,m,55971.04661102801,m^2,40.86236490592092,m,breeding-bird species richness,84,count,15750
allouche_2012,CG39,NA,CG39,42.tif,42.tif,elevation,1438.0306752330125,m,137020.05493298685,m^2,95.283123853240951,m,breeding-bird species richness,82,count,15876
allouche_2012,CG49,NA,CG49,43.tif,43.tif,elevation,1202.9754285714189,m,112185.51498449803,m^2,93.256696953255968,m,breeding-bird species richness,91,count,15750
allouche_2012,CG59,NA,CG59,44.tif,44.tif,elevation,1792.9581587301439,m,56940.476565280376,m^2,31.757839014831369,m,breeding-bird species richness,74,count,15750
allouche_2012,CG69,NA,CG69,45.tif,45.tif,elevation,1298.2086984127184,m,98211.238364868026,m^2,75.65134826545841,m,breeding-bird species richness,93,count,15750
allouche_2012,CG79,NA,CG79,46.tif,46.tif,elevation,1190.5937542708989,m,124869.83953182079,m^2,104.88030790006046,m,breeding-bird species richness,99,count,14634
allouche_2012,CG89,NA,CG89,47.tif,47.tif,elevation,1620.5212841092164,m,200240.04152397116,m^2,123.56520305380685,m,breeding-bird species richness,88,count,15575
allouche_2012,CG99,NA,CG99,48.tif,48.tif,elevation,1520.6441269840855,m,147127.9242067273,m^2,96.753685886077861,m,breeding-bird species richness,102,count,15750
allouche_2012,DG09,NA,DG09,49.tif,49.tif,elevation,1243.911682539655,m,34676.219198070627,m^2,27.876753377919314,m,breeding-bird species richness,109,count,15750
allouche_2012,DG99,NA,DG99,57.tif,57.tif,elevation,261.24124464599441,m,29559.723340661938,m^2,113.15105844300369,m,breeding-bird species richness,97,count,15876
allouche_2012,CG28,NA,CG28,61.tif,61.tif,elevation,1202.0796799999928,m,55528.352137634516,m^2,46.193570244557208,m,breeding-bird species richness,96,count,15625
allouche_2012,CG38,NA,CG38,62.tif,62.tif,elevation,920.50984126985827,m,41956.368656714541,m^2,45.579489512936711,m,breeding-bird species richness,99,count,15750
allouche_2012,CG48,NA,CG48,63.tif,63.tif,elevation,1378.4545920000046,m,106016.23233698359,m^2,76.909484688330778,m,breeding-bird species richness,97,count,15625
allouche_2012,CG58,NA,CG58,64.tif,64.tif,elevation,1493.5107199999989,m,39649.361012186178,m^2,26.547757897704415,m,breeding-bird species richness,87,count,15625
allouche_2012,CG68,NA,CG68,65.tif,65.tif,elevation,930.72236800000189,m,50461.984359471266,m^2,54.218084892390983,m,breeding-bird species richness,88,count,15625
allouche_2012,CG78,NA,CG78,66.tif,66.tif,elevation,1197.3910476190449,m,86531.906186914275,m^2,72.267039543162483,m,breeding-bird species richness,95,count,15750
allouche_2012,CG88,NA,CG88,67.tif,67.tif,elevation,1646.3943040000368,m,177350.16600697974,m^2,107.72034717084139,m,breeding-bird species richness,88,count,15625
allouche_2012,CG98,NA,CG98,68.tif,68.tif,elevation,1631.2724479999765,m,137329.34953845793,m^2,84.185415935168123,m,breeding-bird species richness,91,count,15625
allouche_2012,DG08,NA,DG08,69.tif,69.tif,elevation,1567.4705919999706,m,111522.31686744837,m^2,71.147948444222209,m,breeding-bird species richness,107,count,15625
allouche_2012,DG18,NA,DG18,70.tif,70.tif,elevation,1723.4831439029099,m,80100.702724458781,m^2,46.476058096551448,m,breeding-bird species richness,80,count,15573
allouche_2012,DG28,NA,DG28,71.tif,71.tif,elevation,1583.6694833877314,m,85247.897345884689,m^2,53.829349015127399,m,breeding-bird species richness,76,count,15621
allouche_2012,DG38,NA,DG38,72.tif,72.tif,elevation,1517.0995199999827,m,102182.88493640507,m^2,67.354108012904931,m,breeding-bird species richness,86,count,15625
allouche_2012,DG48,NA,DG48,73.tif,73.tif,elevation,1284.246975999989,m,50775.14195594081,m^2,39.536898201690796,m,breeding-bird species richness,74,count,15625
allouche_2012,DG58,NA,DG58,74.tif,74.tif,elevation,913.91511245200491,m,53159.571481122919,m^2,58.166858996890305,m,breeding-bird species richness,75,count,14584
allouche_2012,DG78,NA,DG78,76.tif,76.tif,elevation,581.14520886206401,m,39273.530497518943,m^2,67.579547931609284,m,breeding-bird species richness,62,count,14579
allouche_2012,DG88,NA,DG88,77.tif,77.tif,elevation,253.10656000000398,m,8928.4945966205778,m^2,35.275634881294415,m,breeding-bird species richness,70,count,15625
allouche_2012,DG98,NA,DG98,78.tif,78.tif,elevation,78.666222222222302,m,3007.3923633388781,m^2,38.22977992820563,m,breeding-bird species richness,77,count,15750
allouche_2012,EG08,NA,EG08,79.tif,79.tif,elevation,43.729542483657646,m,1766.862333930193,m^2,40.404317849666384,m,breeding-bird species richness,88,count,15300
allouche_2012,CG27,NA,CG27,84.tif,84.tif,elevation,787.50041600002123,m,54052.483886795919,m^2,68.638038518565637,m,breeding-bird species richness,83,count,15625
allouche_2012,CG37,NA,CG37,85.tif,85.tif,elevation,818.56641269840986,m,57526.721825660454,m^2,70.277403193252482,m,breeding-bird species richness,94,count,15750
allouche_2012,CG47,NA,CG47,86.tif,86.tif,elevation,1440.8969599999782,m,62474.621870557981,m^2,43.358146768911865,m,breeding-bird species richness,94,count,15625
allouche_2012,CG57,NA,CG57,87.tif,87.tif,elevation,1118.2647040000159,m,76816.993163354797,m^2,68.693032059924249,m,breeding-bird species richness,104,count,15625
allouche_2012,CG67,NA,CG67,88.tif,88.tif,elevation,978.65772800002287,m,82084.326646783447,m^2,83.874396837932622,m,breeding-bird species richness,104,count,15625
allouche_2012,CG77,NA,CG77,89.tif,89.tif,elevation,1501.4904761904208,m,147029.1194406896,m^2,97.922112575586652,m,breeding-bird species richness,93,count,15750
allouche_2012,CG87,NA,CG87,90.tif,90.tif,elevation,1609.6146560000041,m,67277.923505106111,m^2,41.797534120555341,m,breeding-bird species richness,89,count,15625
allouche_2012,CG97,NA,CG97,91.tif,91.tif,elevation,1547.4373120000087,m,96705.572634863027,m^2,62.494016322945228,m,breeding-bird species richness,84,count,15625
allouche_2012,DG07,NA,DG07,92.tif,92.tif,elevation,1096.1695999999904,m,48401.095913979625,m^2,44.154751157102012,m,breeding-bird species richness,81,count,15625
allouche_2012,DG17,NA,DG17,93.tif,93.tif,elevation,1199.6610793650893,m,46037.637109762414,m^2,38.37553614236402,m,breeding-bird species richness,84,count,15750
allouche_2012,DG27,NA,DG27,94.tif,94.tif,elevation,1091.9388800000024,m,21082.193204710529,m^2,19.307118366103499,m,breeding-bird species richness,73,count,15625
allouche_2012,DG37,NA,DG37,95.tif,95.tif,elevation,951.47622400001092,m,40292.961048208599,m^2,42.347838056127962,m,breeding-bird species richness,83,count,15625
allouche_2012,DG47,NA,DG47,96.tif,96.tif,elevation,953.52940799999817,m,20481.118198734286,m^2,21.479272717653114,m,breeding-bird species richness,70,count,15625
allouche_2012,DG57,NA,DG57,97.tif,97.tif,elevation,556.17892063492638,m,20547.562499311214,m^2,36.94415904122075,m,breeding-bird species richness,80,count,15750
allouche_2012,DG67,NA,DG67,98.tif,98.tif,elevation,395.8501120000027,m,15233.562017556671,m^2,38.483157022718153,m,breeding-bird species richness,81,count,15625
allouche_2012,DG77,NA,DG77,99.tif,99.tif,elevation,380.61664000001878,m,47801.426118382282,m^2,125.58942803546351,m,breeding-bird species richness,82,count,15625
allouche_2012,DG87,NA,DG87,100.tif,100.tif,elevation,175.52460799999449,m,3865.2377616630065,m^2,22.021059073740407,m,breeding-bird species richness,77,count,15625
allouche_2012,DG97,NA,DG97,101.tif,101.tif,elevation,73.342984126985243,m,1339.8861641847727,m^2,18.268770764288899,m,breeding-bird species richness,76,count,15750
allouche_2012,CG16,NA,CG16,106.tif,106.tif,elevation,831.57389020561914,m,17474.543594980598,m^2,21.013819458256144,m,breeding-bird species richness,86,count,15611
allouche_2012,CG26,NA,CG26,107.tif,107.tif,elevation,582.29516800000636,m,26665.727002379917,m^2,45.794175304541817,m,breeding-bird species richness,90,count,15625
allouche_2012,CG36,NA,CG36,108.tif,108.tif,elevation,643.5260317460403,m,15124.394490252291,m^2,23.502381790548839,m,breeding-bird species richness,81,count,15750
allouche_2012,CG46,NA,CG46,109.tif,109.tif,elevation,1012.9879040000064,m,36048.596435858701,m^2,35.586403641655401,m,breeding-bird species richness,97,count,15625
allouche_2012,CG56,NA,CG56,110.tif,110.tif,elevation,1027.8271999999943,m,63045.413046595248,m^2,61.33853340969727,m,breeding-bird species richness,101,count,15625
allouche_2012,CG66,NA,CG66,111.tif,111.tif,elevation,970.18489600001669,m,72927.014518398224,m^2,75.168161057824761,m,breeding-bird species richness,96,count,15625
allouche_2012,CG76,NA,CG76,112.tif,112.tif,elevation,1353.5840000000621,m,162389.3458865952,m^2,119.96990647539255,m,breeding-bird species richness,97,count,15750
allouche_2012,CG86,NA,CG86,113.tif,113.tif,elevation,1148.8433279999842,m,69586.330675047429,m^2,60.570774951698532,m,breeding-bird species richness,91,count,15625
allouche_2012,CG96,NA,CG96,114.tif,114.tif,elevation,1327.2666880000313,m,87089.621973316534,m^2,65.615767170760549,m,breeding-bird species richness,83,count,15625
allouche_2012,DG06,NA,DG06,115.tif,115.tif,elevation,1006.569792000005,m,108785.91782781832,m^2,108.07588176440902,m,breeding-bird species richness,97,count,15625
allouche_2012,DG16,NA,DG16,116.tif,116.tif,elevation,910.80952380954136,m,23839.079723882896,m^2,26.173507303891419,m,breeding-bird species richness,84,count,15750
allouche_2012,DG26,NA,DG26,117.tif,117.tif,elevation,909.80518399998778,m,14326.743662320545,m^2,15.747045537081418,m,breeding-bird species richness,66,count,15625
allouche_2012,DG36,NA,DG36,118.tif,118.tif,elevation,803.38534400000538,m,19546.886894762953,m^2,24.330649097281544,m,breeding-bird species richness,84,count,15625
allouche_2012,DG46,NA,DG46,119.tif,119.tif,elevation,1124.1905919999783,m,33025.396340055042,m^2,29.377043870560765,m,breeding-bird species richness,76,count,15625
allouche_2012,DG56,NA,DG56,120.tif,120.tif,elevation,619.26476190475432,m,28906.494884935855,m^2,46.67873365832142,m,breeding-bird species richness,82,count,15750
allouche_2012,DG66,NA,DG66,121.tif,121.tif,elevation,582.68851199999608,m,21655.616294668635,m^2,37.16499613204796,m,breeding-bird species richness,83,count,15625
allouche_2012,DG76,NA,DG76,122.tif,122.tif,elevation,298.71295999999705,m,8956.6695868920397,m^2,29.98420151202053,m,breeding-bird species richness,81,count,15625
allouche_2012,DG86,NA,DG86,123.tif,123.tif,elevation,159.0588159999985,m,1858.4460412247795,m^2,11.684017824103488,m,breeding-bird species richness,79,count,15625
allouche_2012,DG96,NA,DG96,124.tif,124.tif,elevation,88.955047619049509,m,1160.3025064267108,m^2,13.04369496147889,m,breeding-bird species richness,75,count,15750
allouche_2012,EG06,NA,EG06,125.tif,125.tif,elevation,32.613073487615168,m,1517.4197438047547,m^2,46.52795892975238,m,breeding-bird species richness,77,count,14778
allouche_2012,CG15,NA,CG15,128.tif,128.tif,elevation,945.15574603172149,m,100594.05479427175,m^2,106.43119424139394,m,breeding-bird species richness,74,count,15750
allouche_2012,CG25,NA,CG25,129.tif,129.tif,elevation,717.80399999999702,m,82574.095113848249,m^2,115.0371063881625,m,breeding-bird species richness,90,count,15750
allouche_2012,CG35,NA,CG35,130.tif,130.tif,elevation,960.17076089694876,m,52133.168256202342,m^2,54.295725697272701,m,breeding-bird species richness,87,count,15876
allouche_2012,CG45,NA,CG45,131.tif,131.tif,elevation,772.08241269840403,m,35167.445363408508,m^2,45.548823266805648,m,breeding-bird species richness,92,count,15750
allouche_2012,CG55,NA,CG55,132.tif,132.tif,elevation,623.90368253966869,m,22972.982213881012,m^2,36.821360182339291,m,breeding-bird species richness,89,count,15750
allouche_2012,CG65,NA,CG65,133.tif,133.tif,elevation,647.84800000000143,m,9728.9076202933102,m^2,15.017268896860511,m,breeding-bird species richness,83,count,15750
allouche_2012,CG75,NA,CG75,134.tif,134.tif,elevation,796.7977450239423,m,12234.034617906918,m^2,15.354002561263911,m,breeding-bird species richness,91,count,15876
allouche_2012,CG85,NA,CG85,135.tif,135.tif,elevation,799.73809523808518,m,30303.669988117003,m^2,37.891992601772309,m,breeding-bird species richness,91,count,15750
allouche_2012,CG95,NA,CG95,136.tif,136.tif,elevation,880.72425396824644,m,36299.79055400272,m^2,41.215840702067766,m,breeding-bird species richness,96,count,15750
allouche_2012,DG05,NA,DG05,137.tif,137.tif,elevation,593.59149206349718,m,7738.3992418525741,m^2,13.036573713264724,m,breeding-bird species richness,84,count,15750
allouche_2012,DG15,NA,DG15,138.tif,138.tif,elevation,678.65476190477807,m,9615.1648976378565,m^2,14.167976764284399,m,breeding-bird species richness,82,count,15876
allouche_2012,DG25,NA,DG25,139.tif,139.tif,elevation,725.44901587301331,m,7195.6693478789966,m^2,9.9189180637589658,m,breeding-bird species richness,90,count,15750
allouche_2012,DG35,NA,DG35,140.tif,140.tif,elevation,663.55593650793435,m,17777.370767664244,m^2,26.791065816124568,m,breeding-bird species richness,90,count,15750
allouche_2012,DG45,NA,DG45,141.tif,141.tif,elevation,657.20857142858233,m,16700.806263436221,m^2,25.411729227957988,m,breeding-bird species richness,83,count,15750
allouche_2012,DG55,NA,DG55,142.tif,142.tif,elevation,900.65148652053017,m,33077.089050388473,m^2,36.725736364655951,m,breeding-bird species richness,86,count,15876
allouche_2012,DG65,NA,DG65,143.tif,143.tif,elevation,480.00704761904274,m,32119.656880926792,m^2,66.914969353571934,m,breeding-bird species richness,76,count,15750
allouche_2012,DG75,NA,DG75,144.tif,144.tif,elevation,400.639873015847,m,30078.583996428049,m^2,75.076361646206678,m,breeding-bird species richness,78,count,15750
allouche_2012,DG85,NA,DG85,145.tif,145.tif,elevation,142.78184126984229,m,4513.6821643661578,m^2,31.612438418102379,m,breeding-bird species richness,75,count,15750
allouche_2012,DG95,NA,DG95,146.tif,146.tif,elevation,80.34555303603365,m,1878.4201761287125,m^2,23.379267490837634,m,breeding-bird species richness,67,count,15876
allouche_2012,EG05,NA,EG05,147.tif,147.tif,elevation,24.595085402247491,m,664.61117980756694,m^2,27.022113114794674,m,breeding-bird species richness,73,count,15749
allouche_2012,CG04,NA,CG04,150.tif,150.tif,elevation,664.69593495935351,m,25297.28459625319,m^2,38.058431330409945,m,breeding-bird species richness,73,count,14760
allouche_2012,CG14,NA,CG14,151.tif,151.tif,elevation,661.51206399999228,m,13540.615077825112,m^2,20.469188416532447,m,breeding-bird species richness,72,count,15625
allouche_2012,CG24,NA,CG24,152.tif,152.tif,elevation,636.42092799999455,m,45632.728786261388,m^2,71.702118485741849,m,breeding-bird species richness,84,count,15625
allouche_2012,CG34,NA,CG34,153.tif,153.tif,elevation,570.8490793650783,m,50221.434012422484,m^2,87.976727698818081,m,breeding-bird species richness,88,count,15750
allouche_2012,CG44,NA,CG44,154.tif,154.tif,elevation,465.7633280000108,m,7470.5115711050012,m^2,16.039286740721735,m,breeding-bird species richness,82,count,15625
allouche_2012,CG54,NA,CG54,155.tif,155.tif,elevation,520.84460799999772,m,7099.0511205980683,m^2,13.629883100562115,m,breeding-bird species richness,83,count,15625
allouche_2012,CG64,NA,CG64,156.tif,156.tif,elevation,661.87052800000049,m,5935.7979440696336,m^2,8.9682161283205364,m,breeding-bird species richness,75,count,15625
allouche_2012,CG74,NA,CG74,157.tif,157.tif,elevation,780.63796825396662,m,4618.8782586184388,m^2,5.9167993954346958,m,breeding-bird species richness,88,count,15750
allouche_2012,CG84,NA,CG84,158.tif,158.tif,elevation,594.44998399999849,m,6097.4056043584169,m^2,10.25722225329967,m,breeding-bird species richness,90,count,15625
allouche_2012,CG94,NA,CG94,159.tif,159.tif,elevation,590.64537599999971,m,6846.6036884546902,m^2,11.59173332536966,m,breeding-bird species richness,87,count,15625
allouche_2012,DG04,NA,DG04,160.tif,160.tif,elevation,507.3742080000053,m,6067.2263828612276,m^2,11.958089881583346,m,breeding-bird species richness,81,count,15625
allouche_2012,DG14,NA,DG14,161.tif,161.tif,elevation,570.92273015873559,m,5704.3124619089285,m^2,9.9913914100476244,m,breeding-bird species richness,84,count,15750
allouche_2012,DG24,NA,DG24,162.tif,162.tif,elevation,625.53612800000019,m,8971.6881628100291,m^2,14.342398082577297,m,breeding-bird species richness,84,count,15625
allouche_2012,DG34,NA,DG34,163.tif,163.tif,elevation,594.69561599999793,m,13321.179105843397,m^2,22.39999547237867,m,breeding-bird species richness,88,count,15625
allouche_2012,DG44,NA,DG44,164.tif,164.tif,elevation,559.35507199999563,m,10029.402461632348,m^2,17.930296807306728,m,breeding-bird species richness,89,count,15625
allouche_2012,DG54,NA,DG54,165.tif,165.tif,elevation,663.73396825398015,m,38020.047325353065,m^2,57.282057486629284,m,breeding-bird species richness,66,count,15750
allouche_2012,DG64,NA,DG64,166.tif,166.tif,elevation,511.51289600002866,m,50237.850464122872,m^2,98.214240260562377,m,breeding-bird species richness,69,count,15625
allouche_2012,DG74,NA,DG74,167.tif,167.tif,elevation,197.62995199999861,m,3243.0918063533236,m^2,16.409920528409309,m,breeding-bird species richness,77,count,15625
allouche_2012,DG84,NA,DG84,168.tif,168.tif,elevation,132.5952640000003,m,3153.0539202211949,m^2,23.779536501553991,m,breeding-bird species richness,78,count,15625
allouche_2012,DG94,NA,DG94,169.tif,169.tif,elevation,217.24806349206224,m,8428.4417941415522,m^2,38.796395505958138,m,breeding-bird species richness,65,count,15750
allouche_2012,EG04,NA,EG04,170.tif,170.tif,elevation,84.223039999991926,m,3369.3911741935449,m^2,40.005575365052934,m,breeding-bird species richness,65,count,15625
allouche_2012,CG03,NA,CG03,173.tif,173.tif,elevation,453.82840701021769,m,13766.707850369403,m^2,30.334610257350974,m,breeding-bird species richness,90,count,15292
allouche_2012,CG13,NA,CG13,174.tif,174.tif,elevation,418.78726399998379,m,15401.53256947869,m^2,36.77650657847915,m,breeding-bird species richness,97,count,15625
allouche_2012,CG23,NA,CG23,175.tif,175.tif,elevation,358.32140799998905,m,11329.317581222682,m^2,31.617752465470968,m,breeding-bird species richness,93,count,15625
allouche_2012,CG33,NA,CG33,176.tif,176.tif,elevation,396.89390476191028,m,4090.0163638870313,m^2,10.305062171061964,m,breeding-bird species richness,81,count,15750
allouche_2012,CG43,NA,CG43,177.tif,177.tif,elevation,438.11673600000131,m,1790.2861670210011,m^2,4.0863222513850639,m,breeding-bird species richness,84,count,15625
allouche_2012,CG53,NA,CG53,178.tif,178.tif,elevation,453.05075199999607,m,2056.9300277562966,m^2,4.5401757279420973,m,breeding-bird species richness,86,count,15625
allouche_2012,CG63,NA,CG63,179.tif,179.tif,elevation,551.5754879999979,m,8778.9529705519763,m^2,15.916140513031662,m,breeding-bird species richness,85,count,15625
allouche_2012,CG73,NA,CG73,180.tif,180.tif,elevation,695.88203174602972,m,7343.2673068120712,m^2,10.552460003008214,m,breeding-bird species richness,81,count,15750
allouche_2012,CG83,NA,CG83,181.tif,181.tif,elevation,631.48620799999844,m,6986.4392778945366,m^2,11.063486722887468,m,breeding-bird species richness,80,count,15625
allouche_2012,CG93,NA,CG93,182.tif,182.tif,elevation,459.68614399999535,m,8201.4770129400986,m^2,17.841471012317879,m,breeding-bird species richness,78,count,15625
allouche_2012,DG03,NA,DG03,183.tif,183.tif,elevation,424.84748800000023,m,5047.5111088008452,m^2,11.880760158339084,m,breeding-bird species richness,78,count,15625
allouche_2012,DG13,NA,DG13,184.tif,184.tif,elevation,450.20520634920592,m,4817.58465763409,m^2,10.70086393869307,m,breeding-bird species richness,81,count,15750
allouche_2012,DG23,NA,DG23,185.tif,185.tif,elevation,757.46483199999182,m,18585.496859010698,m^2,24.536448523871403,m,breeding-bird species richness,77,count,15625
allouche_2012,DG33,NA,DG33,186.tif,186.tif,elevation,674.94278399998973,m,19953.659168516093,m^2,29.563482478118317,m,breeding-bird species richness,88,count,15625
allouche_2012,DG43,NA,DG43,187.tif,187.tif,elevation,743.98630399998444,m,20866.606699248314,m^2,28.047030687340111,m,breeding-bird species richness,86,count,15625
allouche_2012,DG53,NA,DG53,188.tif,188.tif,elevation,798.09873015871187,m,30928.594671065166,m^2,38.752842853057331,m,breeding-bird species richness,67,count,15750
allouche_2012,DG63,NA,DG63,189.tif,189.tif,elevation,539.37888000001442,m,33362.50915453137,m^2,61.853569710646582,m,breeding-bird species richness,80,count,15625
allouche_2012,DG73,NA,DG73,190.tif,190.tif,elevation,157.50246399999673,m,3353.9038757767535,m^2,21.294294645300425,m,breeding-bird species richness,79,count,15625
allouche_2012,DG83,NA,DG83,191.tif,191.tif,elevation,118.22208000000023,m,259.19773312852345,m^2,2.192464665894247,m,breeding-bird species richness,65,count,15625
allouche_2012,DG93,NA,DG93,192.tif,192.tif,elevation,212.83549206349528,m,8524.6887268992177,m^2,40.052947204670375,m,breeding-bird species richness,63,count,15750
allouche_2012,EG03,NA,EG03,193.tif,193.tif,elevation,167.81685686786827,m,9626.4339708969455,m^2,57.362735487748907,m,breeding-bird species richness,63,count,14546
allouche_2012,BG92,NA,BG92,197.tif,197.tif,elevation,323.3742838956066,m,1362.6831250043767,m^2,4.2139501898186973,m,breeding-bird species richness,68,count,15710
allouche_2012,CG02,NA,CG02,198.tif,198.tif,elevation,246.36537599999858,m,552.64228548489166,m^2,2.2431816290812505,m,breeding-bird species richness,72,count,15625
allouche_2012,CG12,NA,CG12,199.tif,199.tif,elevation,232.94054399999951,m,718.55246834202671,m^2,3.0847033152890218,m,breeding-bird species richness,82,count,15625
allouche_2012,CG22,NA,CG22,200.tif,200.tif,elevation,262.68665599999639,m,1173.5820447885044,m^2,4.4676119550911659,m,breeding-bird species richness,74,count,15625
allouche_2012,CG32,NA,CG32,201.tif,201.tif,elevation,312.14425396824987,m,1719.974363768119,m^2,5.5101906951747646,m,breeding-bird species richness,74,count,15750
allouche_2012,CG42,NA,CG42,202.tif,202.tif,elevation,367.51244800000018,m,925.72003512954473,m^2,2.5188807621818139,m,breeding-bird species richness,76,count,15625
allouche_2012,CG52,NA,CG52,203.tif,203.tif,elevation,464.84153599999757,m,1529.674836350245,m^2,3.2907447331691393,m,breeding-bird species richness,76,count,15625
allouche_2012,CG62,NA,CG62,204.tif,204.tif,elevation,577.65375999999412,m,4950.87998218128,m^2,8.5706703998279696,m,breeding-bird species richness,72,count,15625
allouche_2012,CG72,NA,CG72,205.tif,205.tif,elevation,627.150793650791,m,4404.1720023543685,m^2,7.0225088558313962,m,breeding-bird species richness,85,count,15750
allouche_2012,CG82,NA,CG82,206.tif,206.tif,elevation,670.87999999999602,m,13783.132488479227,m^2,20.54485524755442,m,breeding-bird species richness,83,count,15625
allouche_2012,CG92,NA,CG92,207.tif,207.tif,elevation,429.00300799998814,m,14834.299210101528,m^2,34.578543584715234,m,breeding-bird species richness,74,count,15625
allouche_2012,DG02,NA,DG02,208.tif,208.tif,elevation,302.10624000000513,m,2993.3998746543944,m^2,9.9084344456252982,m,breeding-bird species richness,88,count,15625
allouche_2012,DG12,NA,DG12,209.tif,209.tif,elevation,441.48730158730143,m,11340.109020275357,m^2,25.686149928896469,m,breeding-bird species richness,82,count,15750
allouche_2012,DG22,NA,DG22,210.tif,210.tif,elevation,695.51263999999935,m,4547.2538244751786,m^2,6.5379887624690518,m,breeding-bird species richness,88,count,15625
allouche_2012,DG32,NA,DG32,211.tif,211.tif,elevation,691.98515199999872,m,20143.052262881683,m^2,29.109081610585946,m,breeding-bird species richness,83,count,15625
allouche_2012,DG42,NA,DG42,212.tif,212.tif,elevation,944.39782400000445,m,62831.001480159663,m^2,66.53022686354619,m,breeding-bird species richness,92,count,15625
allouche_2012,DG52,NA,DG52,213.tif,213.tif,elevation,829.85422222221507,m,110673.71295283639,m^2,133.36524655676286,m,breeding-bird species richness,88,count,15750
allouche_2012,DG62,NA,DG62,214.tif,214.tif,elevation,257.05907200001815,m,16679.564162605187,m^2,64.886113657968892,m,breeding-bird species richness,79,count,15625
allouche_2012,DG72,NA,DG72,215.tif,215.tif,elevation,109.05267199999778,m,2106.996265421395,m^2,19.320904538876754,m,breeding-bird species richness,74,count,15625
allouche_2012,DG82,NA,DG82,216.tif,216.tif,elevation,173.55526400000284,m,4787.0038741382723,m^2,27.582014879930085,m,breeding-bird species richness,71,count,15625
allouche_2012,DG92,NA,DG92,217.tif,217.tif,elevation,195.90083222602655,m,10370.045697307036,m^2,52.935179393940906,m,breeding-bird species richness,68,count,14299
allouche_2012,BG81,NA,BG81,220.tif,220.tif,elevation,253.45350400000069,m,921.75643053352348,m^2,3.63678708712396,m,breeding-bird species richness,61,count,15625
allouche_2012,BG91,NA,BG91,221.tif,221.tif,elevation,265.1556190476137,m,2830.1135042044525,m^2,10.673405731960944,m,breeding-bird species richness,68,count,15750
allouche_2012,CG01,NA,CG01,222.tif,222.tif,elevation,187.81299199999683,m,479.91740672196778,m^2,2.5552939741355907,m,breeding-bird species richness,69,count,15625
allouche_2012,CG11,NA,CG11,223.tif,223.tif,elevation,196.38387200000014,m,125.78670863696846,m^2,0.64051445445055877,m,breeding-bird species richness,68,count,15625
allouche_2012,CG21,NA,CG21,224.tif,224.tif,elevation,235.56044800000038,m,275.89574736712757,m^2,1.1712312050243983,m,breeding-bird species richness,56,count,15625
allouche_2012,CG31,NA,CG31,225.tif,225.tif,elevation,286.89638095238143,m,408.81280676324297,m^2,1.4249493332963898,m,breeding-bird species richness,57,count,15750
allouche_2012,CG41,NA,CG41,226.tif,226.tif,elevation,376.04678399999869,m,1825.2956221771726,m^2,4.8539056836533909,m,breeding-bird species richness,76,count,15625
allouche_2012,CG51,NA,CG51,227.tif,227.tif,elevation,508.21068799999625,m,2003.055454115713,m^2,3.9413878956353781,m,breeding-bird species richness,78,count,15625
allouche_2012,CG61,NA,CG61,228.tif,228.tif,elevation,644.17702399999905,m,3671.2337654644193,m^2,5.6991069670072942,m,breeding-bird species richness,80,count,15625
allouche_2012,CG71,NA,CG71,229.tif,229.tif,elevation,639.70133333333581,m,4996.3124688551507,m^2,7.8103830780225536,m,breeding-bird species richness,75,count,15750
allouche_2012,CG81,NA,CG81,230.tif,230.tif,elevation,651.81958399999746,m,6526.7669231500549,m^2,10.013149471664356,m,breeding-bird species richness,78,count,15625
allouche_2012,CG91,NA,CG91,231.tif,231.tif,elevation,453.20601600000288,m,13557.149246959632,m^2,29.913877504572991,m,breeding-bird species richness,76,count,15625
allouche_2012,DG01,NA,DG01,232.tif,232.tif,elevation,292.63078399999932,m,6108.9067455770573,m^2,20.875817171637934,m,breeding-bird species richness,81,count,15625
allouche_2012,DG11,NA,DG11,233.tif,233.tif,elevation,619.20774603175323,m,20869.127833829702,m^2,33.702950209475453,m,breeding-bird species richness,85,count,15750
allouche_2012,DG21,NA,DG21,234.tif,234.tif,elevation,590.91532800001823,m,18183.122438488361,m^2,30.771113181358871,m,breeding-bird species richness,77,count,15625
allouche_2012,DG31,NA,DG31,235.tif,235.tif,elevation,411.48428799998095,m,28668.659907366899,m^2,69.671335561099781,m,breeding-bird species richness,86,count,15625
allouche_2012,DG41,NA,DG41,236.tif,236.tif,elevation,401.33388799997323,m,37152.355549558924,m^2,92.572186551964933,m,breeding-bird species richness,78,count,15625
allouche_2012,DG51,NA,DG51,237.tif,237.tif,elevation,248.16273015872767,m,4527.9237997715582,m^2,18.245784920545674,m,breeding-bird species richness,77,count,15750
allouche_2012,DG61,NA,DG61,238.tif,238.tif,elevation,294.04825599998247,m,22927.6715063349,m^2,77.972479137357197,m,breeding-bird species richness,76,count,15625
allouche_2012,DG71,NA,DG71,239.tif,239.tif,elevation,98.778313098223151,m,6152.3181265901276,m^2,62.284097932229187,m,breeding-bird species richness,79,count,15567
allouche_2012,BG90,NA,BG90,244.tif,244.tif,elevation,150.69520030234227,m,475.89669759136416,m^2,3.1580083283114839,m,breeding-bird species richness,73,count,15876
allouche_2012,CG00,NA,CG00,245.tif,245.tif,elevation,185.4641269841284,m,683.72107636963995,m^2,3.6865408286107599,m,breeding-bird species richness,81,count,15750
allouche_2012,CG10,NA,CG10,246.tif,246.tif,elevation,233.2020952380966,m,325.29466828732495,m^2,1.3949045695974682,m,breeding-bird species richness,53,count,15750
allouche_2012,CG20,NA,CG20,247.tif,247.tif,elevation,281.69746031746024,m,602.20238735239207,m^2,2.1377629271976302,m,breeding-bird species richness,60,count,15750
allouche_2012,CG30,NA,CG30,248.tif,248.tif,elevation,349.17120181406358,m,1939.6600109272069,m^2,5.5550400515564027,m,breeding-bird species richness,79,count,15876
allouche_2012,CG40,NA,CG40,249.tif,249.tif,elevation,479.95136507935894,m,5974.7364750556644,m^2,12.448628985705154,m,breeding-bird species richness,73,count,15750
allouche_2012,CG50,NA,CG50,250.tif,250.tif,elevation,654.84196825396668,m,5301.2659634887423,m^2,8.0954890194709659,m,breeding-bird species richness,88,count,15750
allouche_2012,CG60,NA,CG60,251.tif,251.tif,elevation,705.13320634920069,m,3269.0872139868388,m^2,4.6361271665426296,m,breeding-bird species richness,73,count,15750
allouche_2012,CG70,NA,CG70,252.tif,252.tif,elevation,538.710632401108,m,8601.2911272598831,m^2,15.966440255546351,m,breeding-bird species richness,77,count,15876
allouche_2012,CG80,NA,CG80,253.tif,253.tif,elevation,403.18285714285219,m,5783.2315303466312,m^2,14.343942029999475,m,breeding-bird species richness,83,count,15750
allouche_2012,CG90,NA,CG90,254.tif,254.tif,elevation,516.88736507936267,m,12546.048776788995,m^2,24.272306936468993,m,breeding-bird species richness,81,count,15750
allouche_2012,DG00,NA,DG00,255.tif,255.tif,elevation,367.5149841269901,m,40674.300207235174,m^2,110.67385539083405,m,breeding-bird species richness,92,count,15750
allouche_2012,DG10,NA,DG10,256.tif,256.tif,elevation,443.40047871002997,m,21362.149401975701,m^2,48.178002568070923,m,breeding-bird species richness,86,count,15876
allouche_2012,DG20,NA,DG20,257.tif,257.tif,elevation,281.9364444444318,m,9482.1703842077059,m^2,33.632297530362706,m,breeding-bird species richness,79,count,15750
allouche_2012,DG30,NA,DG30,258.tif,258.tif,elevation,150.99022222221777,m,2095.8038284476575,m^2,13.880394356683489,m,breeding-bird species richness,69,count,15750
allouche_2012,DG40,NA,DG40,259.tif,259.tif,elevation,201.87206349206377,m,4985.2675857474387,m^2,24.695183174483304,m,breeding-bird species richness,74,count,15750
allouche_2012,DG50,NA,DG50,260.tif,260.tif,elevation,278.87123552121744,m,17190.51247456592,m^2,61.6431897052287,m,breeding-bird species richness,78,count,15540
allouche_2012,BF99,NA,BF99,265.tif,265.tif,elevation,192.33555555555165,m,1604.5060377731154,m^2,8.3422227010423526,m,breeding-bird species richness,84,count,15750
allouche_2012,CF09,NA,CF09,266.tif,266.tif,elevation,275.90572799999342,m,1854.8836493435822,m^2,6.7228892375283573,m,breeding-bird species richness,82,count,15625
allouche_2012,CF19,NA,CF19,267.tif,267.tif,elevation,362.51519999998959,m,5048.1117921146206,m^2,13.925241733628729,m,breeding-bird species richness,83,count,15625
allouche_2012,CF29,NA,CF29,268.tif,268.tif,elevation,399.25964799999406,m,6669.1066057387879,m^2,16.703683027188582,m,breeding-bird species richness,65,count,15625
allouche_2012,CF39,NA,CF39,269.tif,269.tif,elevation,512.10158730158878,m,4985.4185954865698,m^2,9.7352141042096374,m,breeding-bird species richness,69,count,15750
allouche_2012,CF49,NA,CF49,270.tif,270.tif,elevation,629.76377599999637,m,6269.0057025867627,m^2,9.9545352424125433,m,breeding-bird species richness,69,count,15625
allouche_2012,CF59,NA,CF59,271.tif,271.tif,elevation,674.68224000000464,m,10135.856459395769,m^2,15.02315587764056,m,breeding-bird species richness,73,count,15625
allouche_2012,CF69,NA,CF69,272.tif,272.tif,elevation,688.25888000000259,m,3865.2521652841733,m^2,5.6159858994978151,m,breeding-bird species richness,89,count,15625
allouche_2012,CF79,NA,CF79,273.tif,273.tif,elevation,653.68063492063823,m,7823.8761568131376,m^2,11.968958140794573,m,breeding-bird species richness,84,count,15750
allouche_2012,CF89,NA,CF89,274.tif,274.tif,elevation,484.71059200000315,m,9682.199263762408,m^2,19.975217013129239,m,breeding-bird species richness,80,count,15625
allouche_2012,CF99,NA,CF99,275.tif,275.tif,elevation,295.72467199999301,m,4319.5623104803062,m^2,14.6067025157793,m,breeding-bird species richness,85,count,15625
allouche_2012,DF09,NA,DF09,276.tif,276.tif,elevation,173.61030399999848,m,4008.5216424127411,m^2,23.089192001027637,m,breeding-bird species richness,78,count,15625
allouche_2012,DF19,NA,DF19,277.tif,277.tif,elevation,172.93409523809021,m,5896.9133018514067,m^2,34.099194226174561,m,breeding-bird species richness,74,count,15750
allouche_2012,DF29,NA,DF29,278.tif,278.tif,elevation,154.33792000000022,m,2266.7103035330315,m^2,14.686671321817919,m,breeding-bird species richness,72,count,15625
allouche_2012,DF39,NA,DF39,279.tif,279.tif,elevation,135.76955711255388,m,8959.7218348064289,m^2,65.992126846070207,m,breeding-bird species richness,87,count,15557
allouche_2012,BF88,NA,BF88,283.tif,283.tif,elevation,265.29722970373115,m,3685.6646790433738,m^2,13.892586376266779,m,breeding-bird species richness,83,count,15594
allouche_2012,BF98,NA,BF98,284.tif,284.tif,elevation,333.57892063491482,m,4081.8314433710498,m^2,12.236478958568268,m,breeding-bird species richness,61,count,15750
allouche_2012,CF08,NA,CF08,285.tif,285.tif,elevation,436.83238399999391,m,4704.4760633446003,m^2,10.769522214142132,m,breeding-bird species richness,72,count,15625
allouche_2012,CF18,NA,CF18,286.tif,286.tif,elevation,512.74675199999422,m,4486.5382038955167,m^2,8.7500080427531746,m,breeding-bird species richness,72,count,15625
allouche_2012,CF28,NA,CF28,287.tif,287.tif,elevation,588.03391999999144,m,7218.7290080900393,m^2,12.276041844814232,m,breeding-bird species richness,74,count,15625
allouche_2012,CF38,NA,CF38,288.tif,288.tif,elevation,580.14946031746615,m,7461.0036300979864,m^2,12.860485341165736,m,breeding-bird species richness,76,count,15750
allouche_2012,CF48,NA,CF48,289.tif,289.tif,elevation,445.10323199999561,m,15391.637127930351,m^2,34.579926680762682,m,breeding-bird species richness,76,count,15625
allouche_2012,CF58,NA,CF58,290.tif,290.tif,elevation,532.06323200000998,m,13449.860184766079,m^2,25.278687524053208,m,breeding-bird species richness,74,count,15625
allouche_2012,CF68,NA,CF68,291.tif,291.tif,elevation,598.11104000000921,m,21374.59436415763,m^2,35.736833020432627,m,breeding-bird species richness,94,count,15625
allouche_2012,CF78,NA,CF78,292.tif,292.tif,elevation,655.34831746030568,m,11938.306249946807,m^2,18.216734417220668,m,breeding-bird species richness,84,count,15750
allouche_2012,CF88,NA,CF88,293.tif,293.tif,elevation,377.16896000000116,m,14151.850354940989,m^2,37.521248712887044,m,breeding-bird species richness,82,count,15625
allouche_2012,CF98,NA,CF98,294.tif,294.tif,elevation,229.564672000001,m,1928.7938363379453,m^2,8.401962808710989,m,breeding-bird species richness,66,count,15625
allouche_2012,DF08,NA,DF08,295.tif,295.tif,elevation,339.57728000000276,m,17830.898421300648,m^2,52.509103145241355,m,breeding-bird species richness,82,count,15625
allouche_2012,DF18,NA,DF18,296.tif,296.tif,elevation,148.61517460317401,m,9737.0614371242864,m^2,65.518621924872605,m,breeding-bird species richness,81,count,15750
allouche_2012,DF28,NA,DF28,297.tif,297.tif,elevation,188.33177600000997,m,10954.936768639061,m^2,58.168286846286001,m,breeding-bird species richness,94,count,15625
allouche_2012,BF87,NA,BF87,300.tif,300.tif,elevation,311.31373831164888,m,10593.212835703658,m^2,34.02745054925601,m,breeding-bird species richness,72,count,15293
allouche_2012,BF97,NA,BF97,301.tif,301.tif,elevation,246.52666666666164,m,7035.5249412660651,m^2,28.538595992047682,m,breeding-bird species richness,72,count,15750
allouche_2012,CF07,NA,CF07,302.tif,302.tif,elevation,377.42201600000294,m,8074.0793155715692,m^2,21.392708886308068,m,breeding-bird species richness,79,count,15625
allouche_2012,CF17,NA,CF17,303.tif,303.tif,elevation,670.14003199999172,m,27363.316923322054,m^2,40.832237467828804,m,breeding-bird species richness,84,count,15625
allouche_2012,CF27,NA,CF27,304.tif,304.tif,elevation,787.54163200000028,m,18993.020300075721,m^2,24.116846054020055,m,breeding-bird species richness,87,count,15625
allouche_2012,CF37,NA,CF37,305.tif,305.tif,elevation,901.2597460317445,m,14369.581711790119,m^2,15.94388496219822,m,breeding-bird species richness,91,count,15750
allouche_2012,CF47,NA,CF47,306.tif,306.tif,elevation,548.46444799998972,m,49337.1506977014,m^2,89.955057028057951,m,breeding-bird species richness,91,count,15625
allouche_2012,CF57,NA,CF57,307.tif,307.tif,elevation,305.45849600001367,m,8953.2196194737371,m^2,29.310756573205076,m,breeding-bird species richness,93,count,15625
allouche_2012,CF67,NA,CF67,308.tif,308.tif,elevation,357.66758400000811,m,8353.938007635441,m^2,23.356709921006573,m,breeding-bird species richness,84,count,15625
allouche_2012,CF77,NA,CF77,309.tif,309.tif,elevation,391.23460317459461,m,25505.287709776625,m^2,65.191799249910645,m,breeding-bird species richness,89,count,15750
allouche_2012,CF87,NA,CF87,310.tif,310.tif,elevation,218.83910399999252,m,4786.3848891100561,m^2,21.871707577043541,m,breeding-bird species richness,84,count,15625
allouche_2012,CF97,NA,CF97,311.tif,311.tif,elevation,222.69791999999595,m,3123.6240516128928,m^2,14.026283009796183,m,breeding-bird species richness,82,count,15625
allouche_2012,DF07,NA,DF07,312.tif,312.tif,elevation,353.89433600000223,m,10089.66836589442,m^2,28.510397990360481,m,breeding-bird species richness,86,count,15625
allouche_2012,DF17,NA,DF17,313.tif,313.tif,elevation,163.6382002421696,m,21257.239073471916,m^2,129.90389189084908,m,breeding-bird species richness,96,count,15691
allouche_2012,BF86,NA,BF86,317.tif,317.tif,elevation,280.94424643582511,m,18213.39794792682,m^2,64.829225652383059,m,breeding-bird species richness,78,count,15712
allouche_2012,BF96,NA,BF96,318.tif,318.tif,elevation,133.10525321239825,m,8706.3770155514558,m^2,65.40971753878523,m,breeding-bird species richness,80,count,15876
allouche_2012,CF06,NA,CF06,319.tif,319.tif,elevation,314.21422222222196,m,9043.7405050620746,m^2,28.782085168207512,m,breeding-bird species richness,75,count,15750
allouche_2012,CF16,NA,CF16,320.tif,320.tif,elevation,381.64742857142642,m,17212.087952940219,m^2,45.099446935534445,m,breeding-bird species richness,74,count,15750
allouche_2012,CF26,NA,CF26,321.tif,321.tif,elevation,552.51403174603854,m,17347.688767476502,m^2,31.397734303063487,m,breeding-bird species richness,71,count,15750
allouche_2012,CF36,NA,CF36,322.tif,322.tif,elevation,523.30517762659269,m,55939.948372560502,m^2,106.89737224896476,m,breeding-bird species richness,78,count,15876
allouche_2012,CF46,NA,CF46,323.tif,323.tif,elevation,265.77288888888233,m,22264.497341010992,m^2,83.77264300392811,m,breeding-bird species richness,80,count,15750
allouche_2012,CF56,NA,CF56,324.tif,324.tif,elevation,155.24539682539606,m,2448.8262455565268,m^2,15.773905672132186,m,breeding-bird species richness,74,count,15750
allouche_2012,CF66,NA,CF66,325.tif,325.tif,elevation,197.76584126982848,m,4572.386972036541,m^2,23.120205909563779,m,breeding-bird species richness,81,count,15750
allouche_2012,CF76,NA,CF76,326.tif,326.tif,elevation,132.82875974396174,m,6846.5175122847113,m^2,51.543939170115955,m,breeding-bird species richness,75,count,15779
allouche_2012,CF86,NA,CF86,327.tif,327.tif,elevation,110.6322396576349,m,4284.261775281765,m^2,38.725255753114475,m,breeding-bird species richness,88,count,14020
allouche_2012,BF75,NA,BF75,333.tif,333.tif,elevation,365.43688556822701,m,1559.9398125976413,m^2,4.268698301136328,m,breeding-bird species richness,63,count,15258
allouche_2012,BF85,NA,BF85,334.tif,334.tif,elevation,424.42803200000253,m,3530.1369253702051,m^2,8.3173981434152395,m,breeding-bird species richness,60,count,15625
allouche_2012,BF95,NA,BF95,335.tif,335.tif,elevation,242.24577777778032,m,8300.8101844067733,m^2,34.266067547403729,m,breeding-bird species richness,77,count,15750
allouche_2012,CF05,NA,CF05,336.tif,336.tif,elevation,118.19635200000083,m,3486.4218888929763,m^2,29.496865426886881,m,breeding-bird species richness,84,count,15625
allouche_2012,CF15,NA,CF15,337.tif,337.tif,elevation,337.50387199999892,m,19161.467102902192,m^2,56.774065996203603,m,breeding-bird species richness,85,count,15625
allouche_2012,CF25,NA,CF25,338.tif,338.tif,elevation,404.86208000000585,m,28320.24307363039,m^2,69.950347223503826,m,breeding-bird species richness,73,count,15625
allouche_2012,CF35,NA,CF35,339.tif,339.tif,elevation,136.00139682538531,m,4892.0637481281237,m^2,35.970687524696046,m,breeding-bird species richness,53,count,15750
allouche_2012,CF45,NA,CF45,340.tif,340.tif,elevation,65.109007533569766,m,1419.1156060969245,m^2,21.795995052838702,m,breeding-bird species richness,60,count,15265
allouche_2012,BF74,NA,BF74,345.tif,345.tif,elevation,421.80946071286326,m,4032.8016967475378,m^2,9.5607189320316639,m,breeding-bird species richness,70,count,15094
allouche_2012,BF84,NA,BF84,346.tif,346.tif,elevation,351.84742400000516,m,11707.021521941573,m^2,33.273006204932173,m,breeding-bird species richness,67,count,15625
allouche_2012,BF94,NA,BF94,347.tif,347.tif,elevation,180.78552380952527,m,12179.197250582987,m^2,67.368210650621165,m,breeding-bird species richness,82,count,15750
allouche_2012,CF04,NA,CF04,348.tif,348.tif,elevation,202.68134400000699,m,20813.16566895639,m^2,102.68910427668997,m,breeding-bird species richness,82,count,15625
allouche_2012,CF14,NA,CF14,349.tif,349.tif,elevation,460.60646400000201,m,12425.834814844884,m^2,26.977117748058415,m,breeding-bird species richness,78,count,15625
allouche_2012,BF73,NA,BF73,355.tif,355.tif,elevation,553.05861601084848,m,27794.643419212145,m^2,50.256234356661651,m,breeding-bird species richness,85,count,14740
allouche_2012,BF83,NA,BF83,356.tif,356.tif,elevation,276.68204800000308,m,40146.155812497913,m^2,145.09852049561766,m,breeding-bird species richness,78,count,15625
allouche_2012,BF93,NA,BF93,357.tif,357.tif,elevation,335.89625396826278,m,38152.214774206979,m^2,113.58332914844533,m,breeding-bird species richness,86,count,15750
allouche_2012,CF03,NA,CF03,358.tif,358.tif,elevation,230.44166399999938,m,4600.7194749575046,m^2,19.964790199386503,m,breeding-bird species richness,65,count,15625
allouche_2012,CF13,NA,CF13,359.tif,359.tif,elevation,223.6627464545368,m,27246.385145216718,m^2,121.81905827913546,m,breeding-bird species richness,77,count,14455
allouche_2012,BF72,NA,BF72,362.tif,362.tif,elevation,866.12628094964236,m,70164.470366556183,m^2,81.00951548269164,m,breeding-bird species richness,68,count,15711
allouche_2012,BF82,NA,BF82,363.tif,363.tif,elevation,164.80095268339727,m,19611.019320738797,m^2,118.99821573491724,m,breeding-bird species richness,71,count,15745
allouche_2012,BF92,NA,BF92,364.tif,364.tif,elevation,252.42906815020135,m,31651.921534707897,m^2,125.38936884984358,m,breeding-bird species richness,72,count,15818
allouche_2012,CF02,NA,CF02,365.tif,365.tif,elevation,189.71190586369954,m,14596.750395726225,m^2,76.941667573638782,m,breeding-bird species richness,70,count,15127
allouche_2012,BF71,NA,BF71,368.tif,368.tif,elevation,698.99577600001339,m,94918.365573554503,m^2,135.79247376389395,m,breeding-bird species richness,84,count,15625
allouche_2012,BF81,NA,BF81,369.tif,369.tif,elevation,117.01769171384407,m,4032.7882734850668,m^2,34.463064639378437,m,breeding-bird species richness,60,count,15544
allouche_2012,BF91,NA,BF91,370.tif,370.tif,elevation,62.047473743970656,m,3953.7962699642339,m^2,63.722115202932599,m,breeding-bird species richness,64,count,14092
allouche_2012,BF70,NA,BF70,375.tif,375.tif,elevation,362.37337726523185,m,21556.388193252573,m^2,59.486677404214525,m,breeding-bird species richness,73,count,15175
allouche_2012,BF80,NA,BF80,376.tif,376.tif,elevation,162.57408000000092,m,3474.5173132616578,m^2,21.37190204774118,m,breeding-bird species richness,55,count,15625
